Customer_ID,Age,Purchase_Date,Product_Category,Purchase_Amount,Quantity,Discount_Percentage,Shipping_Days,Customer_Satisfaction,Return_Status,Payment_Method,Region
1360,53,25-02-24,Sports,53.26,5,15,16,3,Not Returned,Credit Card,West
1017,22,11-08-23,Home,40.92,3,0,28,1,Not Returned,Credit Card,East
1386,55,09-08-24,Books,171.21,8,20,12,2,Not Returned,Debit Card,Central
1259,61,21-02-24,Clothing,28.03,2,20,,5,Not Returned,Credit Card,West
1032,35,05-05-23,Clothing,201.51,9,10,9,5,Not Returned,Credit Card,West
1009,65,14-03-24,Clothing,35.04,3,5,10,5,Not Returned,PayPal,South
1458,59,09-12-23,Sports,61.31,8,15,28,1,In Process,PayPal,East
1424,59,27-12-23,Electronics,47.95,9,25,16,4,Not Returned,UPI,Central
1206,,07-01-23,Clothing,197.71,2,15,15,1,Returned,Credit Card,West
1095,71,16-07-24,Electronics,63.61,7,10,22,5,Not Returned,UPI,East
1111,68,31-07-23,Electronics,25.54,4,5,26,3,Not Returned,PayPal,North
1069,,24-02-23,Electronics,21.58,7,15,29,5,Not Returned,PayPal,South
1006,37,24-04-23,Home,67.98,3,15,26,,Not Returned,PayPal,East
1431,31,15-04-23,Sports,63.18,6,20,22,5,Not Returned,PayPal,East
1304,28,10-04-24,Clothing,122.3,8,0,4,5,Not Returned,Debit Card,West
1260,42,12-03-23,Clothing,235.74,9,10,3,4,Not Returned,Credit Card,South
1306,48,13-12-24,Electronics,61.85,7,0,27,1,Not Returned,Debit Card,Central
1207,73,16-03-23,Sports,29.98,6,10,5,2,Not Returned,UPI,Central
1329,,03-11-23,Books,23.8,4,10,6,1,Not Returned,UPI,South
1305,47,14-06-24,Clothing,96.25,5,25,13,5,Not Returned,UPI,North
1339,68,13-12-23,Electronics,40.87,7,0,25,3,Not Returned,UPI,West
1245,52,12-01-23,Electronics,121.35,3,25,2,5,Not Returned,Credit Card,South
1215,25,03-06-24,Sports,921.86,3,0,4,1,In Process,Credit Card,Central
1282,59,04-09-23,Sports,78.98,4,20,25,5,Not Returned,UPI,South
1174,44,15-06-23,Clothing,23.75,6,0,29,5,In Process,Debit Card,West
1315,54,02-09-24,Books,48.6,1,0,24,2,Returned,PayPal,Central
1434,55,15-03-23,Home,24.48,1,25,13,1,Not Returned,PayPal,West
1112,56,28-04-23,Clothing,33.86,7,5,12,4,Not Returned,Debit Card,West
1059,20,03-02-23,Home,163.78,3,10,28,2,Not Returned,Debit Card,North
1021,27,22-03-24,Clothing,158.41,9,15,13,4,Not Returned,Credit Card,North
1321,37,05-02-24,Clothing,42.82,4,0,15,3,Not Returned,PayPal,North
1336,28,30-01-23,Electronics,56.6,4,20,6,1,Not Returned,UPI,South
1126,55,08-11-23,Books,45.29,1,10,6,3,Not Returned,UPI,West
1001,71,01-10-23,Sports,105.18,5,0,29,1,Not Returned,Credit Card,Central
1379,54,17-08-24,Electronics,34.82,4,5,21,3,Not Returned,PayPal,Central
1005,70,24-04-23,Home,36.92,2,15,,4,Not Returned,UPI,Central
1410,58,08-03-23,Books,32.21,5,10,18,1,Not Returned,PayPal,East
1281,36,11-10-24,Books,29.75,5,0,25,2,Not Returned,UPI,South
1456,68,26-12-23,Clothing,51.29,6,0,4,2,Not Returned,UPI,Central
1365,23,18-11-24,Books,58.74,7,25,17,1,Not Returned,Debit Card,Central
1395,31,06-09-23,Home,135.14,9,10,19,3,Not Returned,UPI,North
1397,73,18-09-24,Books,33.52,4,25,12,3,In Process,Debit Card,East
1151,60,25-10-24,Home,71.58,8,25,16,5,Not Returned,PayPal,South
1294,50,20-09-23,Electronics,32.15,5,0,18,5,Not Returned,UPI,West
1418,36,28-08-23,Books,65.13,1,0,13,2,Not Returned,Credit Card,South
1468,53,26-09-24,Clothing,74.67,6,25,12,3,Not Returned,Debit Card,North
1148,70,02-01-24,Books,59.66,7,5,7,3,Returned,PayPal,West
1330,73,30-06-23,Home,66.25,1,0,17,,In Process,Debit Card,North
1485,55,02-03-24,Books,81.68,6,10,3,4,Not Returned,Credit Card,North
1442,64,21-12-24,Electronics,23.5,2,0,7,5,Returned,Debit Card,West
1426,35,06-02-24,Home,78.95,2,5,9,5,Not Returned,Debit Card,North
1412,31,24-11-24,Electronics,21.2,2,0,3,5,Not Returned,UPI,North
1317,41,26-10-23,Sports,26.4,6,5,11,1,Not Returned,UPI,West
1028,73,11-01-24,Sports,41.22,6,25,22,1,Not Returned,UPI,East
1344,43,13-11-23,Home,66.81,2,20,1,4,Returned,Credit Card,South
1311,20,17-11-23,Electronics,75.07,2,0,23,2,Not Returned,UPI,Central
1356,31,13-04-24,Books,23.11,5,25,13,4,Not Returned,Debit Card,South
1400,51,04-07-24,Books,106.47,7,5,17,4,Not Returned,Credit Card,West
1372,61,14-01-23,Clothing,29.99,6,15,27,1,Returned,Credit Card,East
1125,74,16-06-23,Clothing,24.09,9,20,4,2,Not Returned,Credit Card,North
1385,,20-06-24,Books,70.14,7,10,24,3,Not Returned,PayPal,South
1142,34,03-07-23,Sports,82.6,1,0,18,5,Not Returned,Credit Card,East
1134,34,04-09-23,Home,70.59,8,15,25,5,Not Returned,PayPal,North
1003,26,18-06-24,Clothing,55.41,1,5,21,4,Not Returned,UPI,Central
1252,27,09-10-23,Home,22.01,1,20,,4,Not Returned,PayPal,North
1285,23,27-02-24,Electronics,77.48,8,5,23,3,Not Returned,Debit Card,West
1214,18,13-06-23,Clothing,42.25,5,25,1,3,Not Returned,Credit Card,West
1195,66,05-09-23,Books,64.87,6,15,26,2,Not Returned,PayPal,Central
1483,50,28-11-23,Books,528.5,4,20,3,1,Not Returned,Debit Card,South
1283,58,02-10-23,Home,111.04,4,15,22,5,Not Returned,UPI,South
1350,37,01-04-24,Clothing,30.89,3,5,12,4,Not Returned,Debit Card,Central
1173,20,09-01-24,Sports,77.01,8,10,22,5,Not Returned,PayPal,East
1169,73,30-01-23,Clothing,300.43,3,25,29,1,Not Returned,PayPal,South
1266,27,24-06-24,Electronics,50.32,4,15,27,2,Not Returned,Debit Card,East
1247,32,09-11-23,Sports,25.93,7,25,28,1,Returned,UPI,South
1013,52,30-08-24,Sports,25.66,5,10,23,2,Not Returned,UPI,South
1476,50,25-12-24,Sports,58.82,1,15,24,5,Not Returned,Credit Card,East
1188,18,10-02-24,Home,48.87,9,20,24,5,Not Returned,Debit Card,West
1319,,25-04-23,Clothing,20.29,6,25,12,4,In Process,PayPal,East
1427,57,19-11-23,Books,256.97,5,15,6,4,Not Returned,PayPal,South
1335,32,03-02-23,Books,119.51,6,10,9,5,Returned,Debit Card,West
1222,39,19-02-24,Clothing,545.68,5,10,14,5,Not Returned,PayPal,West
1338,43,28-05-24,Clothing,21.3,6,20,12,2,Returned,PayPal,East
1042,66,28-12-23,Books,77.49,4,15,3,5,Not Returned,Debit Card,North
1168,21,17-05-23,Electronics,32.97,3,10,14,3,Returned,Debit Card,West
1269,62,20-09-23,Clothing,74.96,6,25,7,5,Not Returned,Debit Card,Central
1388,52,10-05-23,Sports,105.52,9,25,17,4,Returned,UPI,East
1486,30,19-10-24,Clothing,21.84,7,10,15,3,In Process,Credit Card,East
1185,39,08-07-23,Books,22.05,4,15,9,3,Not Returned,UPI,West
1036,,13-08-24,Electronics,91,2,20,13,5,Returned,Debit Card,West
1147,23,20-03-24,Electronics,132.6,1,10,4,1,Not Returned,UPI,South
1060,70,26-08-23,Sports,910.25,9,20,24,1,Not Returned,Debit Card,Central
1106,54,01-07-23,Electronics,79.37,4,10,17,1,Returned,Debit Card,East
1117,51,09-08-24,Home,80.61,2,15,26,,Not Returned,PayPal,East
1132,59,12-06-23,Electronics,29.17,1,25,27,5,Not Returned,Credit Card,North
1475,72,21-01-24,Home,150.87,8,15,6,2,Not Returned,PayPal,South
1051,72,08-12-24,Books,32.47,3,15,12,2,Not Returned,UPI,West
1072,63,26-05-23,Sports,119.89,5,10,28,3,Not Returned,PayPal,Central
1383,28,04-04-24,Clothing,59.95,7,5,5,,Not Returned,PayPal,North
1150,30,23-07-23,Books,50.1,8,25,3,,Not Returned,UPI,South
1341,61,25-12-23,Clothing,45.44,5,10,28,5,Not Returned,UPI,East
1430,,27-03-23,Electronics,84.43,7,0,24,4,Not Returned,UPI,Central
1495,46,05-12-23,Home,49.64,8,10,25,2,Not Returned,Debit Card,West
1050,65,15-05-23,Electronics,593.3,5,0,14,4,Not Returned,Debit Card,West
1452,23,12-02-24,Sports,276.97,2,15,8,1,Not Returned,PayPal,West
1065,27,25-07-23,Clothing,46.33,7,25,2,5,Not Returned,UPI,Central
1460,32,28-03-23,Sports,29.64,3,20,3,2,Not Returned,UPI,West
1288,51,01-02-24,Clothing,121.59,5,15,10,4,Not Returned,UPI,East
1421,21,31-07-24,Home,27.33,9,25,13,5,Not Returned,Debit Card,East
1490,62,11-10-24,Books,791.22,2,5,61,4,Returned,Debit Card,Central
1027,,26-05-23,Sports,63.63,1,25,16,3,Not Returned,Debit Card,West
1263,37,13-04-23,Electronics,171.63,2,15,14,2,Not Returned,UPI,West
1043,30,26-01-23,Books,49.52,4,25,10,4,Not Returned,PayPal,East
1076,30,16-06-24,Sports,121.48,4,0,25,4,Not Returned,Credit Card,East
1405,57,22-08-23,Clothing,50.05,8,5,28,5,Not Returned,UPI,North
1384,32,02-10-24,Books,22.22,3,10,1,3,Returned,UPI,West
1435,50,03-03-23,Electronics,132.31,8,15,23,1,Not Returned,UPI,East
1408,25,08-01-23,Clothing,86.76,8,25,15,3,Not Returned,Credit Card,Central
1313,48,19-01-23,Clothing,91.83,3,20,2,1,Not Returned,UPI,South
1074,68,18-08-24,Home,192.4,4,15,8,1,Returned,Debit Card,West
1098,47,09-11-23,Home,38.58,5,10,12,2,Not Returned,Debit Card,West
1451,68,21-07-24,Clothing,75.36,9,5,28,3,Not Returned,Debit Card,Central
1227,31,11-12-24,Sports,23.82,6,20,3,3,Not Returned,Credit Card,East
1246,68,08-11-24,Clothing,31.52,7,15,10,5,Not Returned,PayPal,North
1399,26,02-07-24,Home,36.07,1,20,10,2,Not Returned,UPI,East
1217,52,26-08-23,Electronics,44.8,7,25,2,5,Not Returned,PayPal,South
1087,43,16-06-24,Electronics,52.84,6,5,5,1,Not Returned,UPI,North
1463,50,28-06-24,Electronics,58.37,7,5,17,2,In Process,Credit Card,East
1441,50,03-03-23,Home,56.6,1,15,8,2,Not Returned,UPI,Central
1296,39,17-01-24,Electronics,45.03,4,25,18,2,Not Returned,UPI,South
1008,45,24-09-24,Sports,69.96,6,15,5,3,Not Returned,UPI,Central
1048,18,15-01-24,Home,28.93,3,0,17,1,Not Returned,Debit Card,West
1271,64,13-08-24,Home,21.52,9,5,7,5,Not Returned,UPI,South
1146,51,27-01-23,Clothing,24.18,5,10,15,3,Not Returned,Credit Card,North
1063,70,27-08-24,Home,36.03,9,0,13,2,Not Returned,Debit Card,East
1445,31,16-08-24,Clothing,58.83,2,10,3,5,In Process,PayPal,East
1423,62,08-03-23,Clothing,45.9,9,20,2,2,Not Returned,UPI,South
1078,18,24-02-23,Electronics,93.68,7,5,26,1,Not Returned,Credit Card,Central
1258,43,23-05-24,Electronics,22.12,3,0,64,3,Not Returned,UPI,East
1355,43,21-02-23,Electronics,150.89,5,10,19,2,Not Returned,UPI,South
1500,21,20-12-24,Clothing,262.41,5,10,83,3,Not Returned,Debit Card,Central
1302,21,23-01-24,Electronics,208.99,4,20,15,3,Not Returned,Debit Card,West
1454,20,23-10-24,Books,878.32,3,15,22,3,Not Returned,UPI,West
1256,56,11-02-24,Home,39,4,25,15,1,Not Returned,UPI,Central
1413,,24-11-24,Electronics,71.36,5,20,12,1,Not Returned,PayPal,West
1322,45,05-06-24,Electronics,45.22,3,0,25,5,Not Returned,UPI,South
1433,,27-03-24,Clothing,24.14,1,5,4,2,Not Returned,Credit Card,East
1467,44,28-07-23,Home,41.35,4,10,21,4,Not Returned,Debit Card,West
1436,40,26-05-24,Home,30.65,2,15,13,2,Not Returned,PayPal,Central
1380,26,25-07-23,Sports,184.74,5,20,21,5,Not Returned,UPI,Central
1066,27,01-02-24,Home,132.26,1,5,11,3,Returned,PayPal,North
1097,22,17-01-24,Home,99.87,7,5,15,2,Not Returned,Credit Card,West
1297,38,16-07-24,Clothing,72.67,9,10,28,5,Not Returned,PayPal,East
1325,32,28-11-24,Sports,49.77,1,0,29,1,Returned,PayPal,South
1088,51,10-04-24,Sports,26.24,5,25,,3,Returned,Credit Card,Central
1342,22,12-12-23,Sports,63.4,9,15,11,1,Returned,PayPal,South
1257,39,14-11-24,Clothing,55.39,8,15,28,3,Not Returned,Debit Card,South
1120,,29-01-24,Home,39.76,9,10,12,1,Not Returned,PayPal,South
1243,35,29-10-24,Clothing,101.91,3,20,17,2,Not Returned,Debit Card,South
1402,52,20-10-24,Home,773.24,2,25,22,1,Returned,PayPal,Central
1323,,26-04-24,Home,79.45,4,20,17,5,Not Returned,Credit Card,South
1009,65,14-03-24,Clothing,35.04,3,5,10,5,Not Returned,PayPal,South
1239,63,16-04-24,Sports,86.67,6,10,6,,Returned,UPI,South
1056,48,03-11-24,Books,170.66,8,25,4,3,In Process,UPI,South
1014,23,05-06-23,Home,91.57,3,5,6,5,Not Returned,Credit Card,Central
1474,44,12-10-24,Electronics,264.53,9,5,5,3,Returned,Debit Card,South
1425,42,12-02-23,Home,83.22,1,10,9,1,Not Returned,PayPal,North
1366,67,09-10-23,Electronics,38.65,2,0,26,2,Not Returned,Debit Card,West
1089,71,09-10-24,Electronics,26.69,7,0,22,1,Not Returned,Credit Card,South
1320,19,02-07-23,Home,39.62,5,25,17,1,Not Returned,Debit Card,East
1407,46,12-10-23,Electronics,29.2,5,0,3,5,Returned,Debit Card,Central
1197,43,13-06-24,Clothing,31.83,2,25,90,4,Not Returned,PayPal,East
1265,21,02-10-24,Electronics,121.22,9,25,23,3,Not Returned,PayPal,Central
1004,50,13-03-24,Home,20.32,6,5,10,1,Returned,Debit Card,North
1351,66,03-01-24,Home,20.38,5,15,4,5,Not Returned,Credit Card,Central
1340,,13-03-23,Books,43.92,9,15,29,1,Not Returned,PayPal,West
1002,34,25-11-24,Books,109.23,4,25,15,4,Not Returned,PayPal,East
1202,74,03-03-23,Clothing,82.91,9,10,4,2,Not Returned,UPI,South
1450,56,02-03-23,Home,40.25,6,0,21,1,Not Returned,PayPal,Central
1459,69,11-02-23,Books,178.06,6,10,11,3,Not Returned,Debit Card,East
1053,45,16-11-24,Clothing,77.05,9,15,12,4,Not Returned,Debit Card,South
1154,28,24-12-23,Sports,24.26,1,25,20,5,Not Returned,Credit Card,North
1280,61,03-08-24,Home,121.3,3,5,19,1,Not Returned,PayPal,Central
1301,,07-02-23,Clothing,22.47,7,20,24,1,Not Returned,PayPal,South
1110,28,26-02-23,Sports,52.75,5,20,14,2,Not Returned,Credit Card,East
1183,45,06-11-24,Electronics,43.18,1,15,12,5,Not Returned,Credit Card,Central
1406,39,15-10-24,Electronics,64.17,7,0,9,3,Not Returned,Credit Card,South
1255,34,04-05-23,Books,155.81,1,10,24,5,Not Returned,Credit Card,East
1414,52,23-02-24,Home,66.71,3,5,9,4,Not Returned,Credit Card,West
1084,48,16-02-23,Clothing,146.82,6,5,28,5,Returned,PayPal,South
1101,34,23-01-23,Electronics,23.76,2,0,,5,Not Returned,Credit Card,East
1482,27,22-05-24,Home,26.83,1,5,10,1,Not Returned,Credit Card,North
1139,,23-09-23,Home,58.97,6,20,,5,Not Returned,Debit Card,South
1205,39,18-03-24,Electronics,33.56,9,0,1,2,Not Returned,Credit Card,East
1010,46,31-05-24,Home,70.26,7,10,28,2,Not Returned,Credit Card,North
1018,64,19-01-24,Sports,70.07,2,15,9,2,Not Returned,Credit Card,South
1373,19,10-03-23,Books,77.15,9,0,25,1,Not Returned,UPI,Central
1115,55,07-04-24,Electronics,54.55,2,25,19,4,Not Returned,PayPal,South
1193,63,19-10-24,Books,47.38,8,0,18,2,Not Returned,Debit Card,West
1295,70,03-04-23,Books,73.78,6,10,14,,In Process,PayPal,East
1443,72,01-10-23,Clothing,100.56,6,10,4,4,Not Returned,Debit Card,North
1449,68,02-10-23,Home,39.6,2,15,12,1,Not Returned,UPI,East
1274,39,28-10-24,Books,31.27,9,0,9,1,Not Returned,Credit Card,North
1030,71,03-02-23,Books,22.34,3,0,5,1,Not Returned,PayPal,East
1353,64,25-04-24,Sports,134.15,3,20,18,1,Returned,UPI,Central
1374,30,13-05-24,Electronics,30.01,6,0,24,1,Not Returned,Credit Card,West
1165,25,07-03-23,Sports,54.48,4,25,5,2,Not Returned,Credit Card,West
1251,45,03-08-23,Sports,157.92,8,15,2,3,Not Returned,Credit Card,East
1316,53,23-05-24,Clothing,105.14,3,25,2,1,Not Returned,PayPal,North
1309,26,03-08-24,Clothing,45.89,8,15,,2,Not Returned,Credit Card,South
1186,38,26-04-24,Electronics,120.88,9,25,24,4,Not Returned,UPI,West
1068,34,08-08-24,Home,31.98,4,10,19,5,Not Returned,Credit Card,South
1001,71,01-10-23,Sports,105.18,5,0,29,1,Not Returned,Credit Card,Central
1367,73,02-12-24,Electronics,67.12,3,15,23,5,Not Returned,Debit Card,West
1359,28,17-11-24,Electronics,25.35,5,0,6,1,Not Returned,Credit Card,Central
1218,69,28-06-24,Books,594.12,1,0,8,2,In Process,Debit Card,Central
1157,74,05-05-24,Electronics,28.69,3,25,17,5,In Process,UPI,East
1107,38,27-10-23,Home,118.35,1,10,24,1,Not Returned,UPI,Central
1352,29,17-09-24,Home,72.13,3,5,4,1,Not Returned,Credit Card,South
1211,34,05-02-24,Home,122.3,3,0,5,4,Not Returned,Debit Card,South
1248,42,06-12-24,Sports,35.72,9,0,16,3,Not Returned,UPI,West
1071,26,17-07-24,Home,42.98,1,0,3,4,Not Returned,Credit Card,Central
1026,22,27-07-24,Sports,23.49,4,25,13,4,In Process,PayPal,East
1061,40,11-10-23,Electronics,70.88,3,15,29,2,Not Returned,UPI,South
1198,62,16-10-24,Books,68.77,1,10,7,5,Not Returned,PayPal,West
1216,66,23-06-23,Books,28.93,7,20,3,1,Not Returned,UPI,East
1203,64,28-04-23,Electronics,139.86,9,25,25,4,Returned,Debit Card,Central
1041,44,31-03-23,Electronics,93.57,9,15,19,4,Not Returned,Credit Card,South
1002,34,25-11-24,Books,109.23,4,25,15,4,Not Returned,PayPal,East
1261,34,24-03-24,Books,187.79,5,15,8,2,Not Returned,UPI,South
1241,64,17-11-24,Home,52.18,1,5,2,2,Not Returned,UPI,Central
1403,,04-01-24,Clothing,25.02,8,10,16,,Not Returned,PayPal,North
1102,65,09-04-24,Books,44.92,5,20,,4,Not Returned,PayPal,Central
1199,,09-10-24,Clothing,69.92,8,20,7,4,Not Returned,PayPal,West
1391,66,24-12-24,Clothing,31.92,4,25,108,2,Not Returned,UPI,East
1124,69,22-03-23,Sports,21.69,1,25,26,1,Not Returned,Credit Card,West
1172,49,13-01-23,Home,31.13,6,5,18,4,Not Returned,PayPal,East
1149,19,07-02-23,Home,104.99,5,25,13,4,Not Returned,Credit Card,North
1081,,22-09-24,Home,69.2,4,15,94,2,Not Returned,Credit Card,West
1419,31,05-05-24,Home,54.34,3,0,18,1,Not Returned,PayPal,East
1077,21,17-07-24,Books,94.94,6,20,,4,Not Returned,PayPal,Central
1420,43,03-07-24,Clothing,240.26,3,0,5,3,Returned,UPI,West
1394,67,20-07-24,Sports,111.59,2,15,20,5,Not Returned,PayPal,East
1194,51,07-04-24,Clothing,36.21,2,0,8,1,Not Returned,Debit Card,Central
1029,50,08-03-24,Sports,68.5,4,10,4,3,Not Returned,UPI,North
1250,54,14-09-24,Home,57.88,8,5,28,1,Not Returned,Debit Card,South
1499,64,12-12-24,Books,54.35,5,25,26,5,Not Returned,PayPal,Central
1010,46,31-05-24,Home,70.26,7,10,28,2,Not Returned,Credit Card,North
1328,66,22-03-24,Home,32.89,2,10,22,4,Not Returned,Credit Card,West
1075,62,31-05-24,Electronics,30.26,4,15,22,1,Not Returned,UPI,South
1057,22,06-03-23,Clothing,28.19,9,25,19,2,Not Returned,Debit Card,East
1015,35,13-05-23,Clothing,58.96,2,10,4,5,Not Returned,Credit Card,South
1471,74,09-01-23,Home,33.37,5,0,10,4,Not Returned,PayPal,East
1465,47,03-12-24,Books,49.93,4,10,22,3,Returned,Credit Card,East
1472,50,09-12-24,Books,45.48,6,25,14,3,Not Returned,Credit Card,West
1264,42,14-01-24,Electronics,70.96,9,15,24,4,Not Returned,Debit Card,North
1303,47,30-01-24,Books,46.12,3,25,22,4,Not Returned,PayPal,West
1348,37,03-02-23,Books,175.64,6,0,27,1,Not Returned,Debit Card,West
1159,72,23-06-23,Sports,32.37,1,10,1,,Not Returned,Credit Card,East
1497,22,02-03-24,Clothing,56.25,9,10,26,,Not Returned,UPI,East
1438,50,22-08-24,Sports,32.85,7,10,2,2,Not Returned,Credit Card,West
1470,55,04-12-24,Clothing,150.99,8,0,21,4,Not Returned,Credit Card,East
1324,21,24-07-23,Sports,44.6,7,0,26,1,Not Returned,PayPal,North
1432,49,09-07-24,Books,36.02,7,25,1,2,Not Returned,Debit Card,North
1220,64,11-09-24,Books,73.46,2,15,9,1,Not Returned,Credit Card,Central
1307,41,12-01-24,Clothing,87.06,4,25,23,3,Not Returned,Debit Card,South
1035,66,05-12-24,Clothing,26.97,5,20,2,3,Not Returned,PayPal,South
1012,63,09-12-24,Books,95.67,9,10,,1,Not Returned,Debit Card,South
1011,30,16-01-23,Home,58.82,4,20,5,3,Not Returned,UPI,North
1491,41,29-11-23,Home,158.2,3,10,20,1,Not Returned,Credit Card,West
1094,18,14-02-24,Electronics,23.32,5,0,11,2,Not Returned,UPI,East
1462,46,18-04-24,Books,31.22,1,15,25,2,Returned,PayPal,South
1209,60,04-01-23,Clothing,53.89,4,15,8,5,Returned,UPI,North
1234,68,26-12-23,Clothing,68,4,20,2,3,Not Returned,UPI,South
1127,50,20-08-24,Electronics,27.12,8,0,11,2,Returned,PayPal,South
1025,62,29-11-23,Home,81.58,1,25,17,5,Not Returned,Debit Card,East
1024,67,25-09-23,Sports,37.9,6,15,20,4,Not Returned,Debit Card,West
1370,40,20-02-23,Clothing,46.68,9,10,1,5,Not Returned,Debit Card,Central
1277,25,05-08-24,Home,24.93,7,25,21,1,Not Returned,UPI,West
1164,33,27-01-24,Sports,73.75,4,5,,4,Not Returned,Credit Card,South
1049,38,04-02-24,Books,99.19,3,10,21,5,Not Returned,UPI,East
1129,32,06-01-23,Home,78.47,9,20,24,4,Not Returned,Debit Card,North
1138,27,28-05-24,Clothing,22.67,8,15,,3,Not Returned,Credit Card,South
1237,64,24-07-23,Home,29.17,7,0,19,2,Returned,Debit Card,East
1498,46,26-02-23,Home,145.91,4,5,28,3,Not Returned,Credit Card,Central
1171,20,09-05-24,Sports,72.54,5,10,16,3,Not Returned,UPI,East
1007,30,12-02-23,Sports,218.66,8,25,29,4,Not Returned,PayPal,West
1404,18,26-08-24,Electronics,68.89,4,25,7,4,Returned,Credit Card,Central
1200,26,23-07-24,Sports,86.05,2,10,3,5,Not Returned,Credit Card,East
1272,53,14-08-24,Home,38.4,2,5,1,5,Not Returned,PayPal,South
1262,,23-12-24,Electronics,20.25,7,15,23,5,Not Returned,PayPal,South
1083,45,30-08-23,Sports,21.65,7,25,8,2,Not Returned,UPI,Central
1387,72,25-07-23,Home,66.02,6,5,98,1,Not Returned,Credit Card,Central
1082,51,31-03-24,Clothing,27.03,3,15,21,1,Not Returned,Debit Card,West
1275,51,09-01-24,Sports,75.96,4,0,21,1,Returned,Debit Card,North
1040,39,18-11-23,Home,53.53,4,5,23,2,Not Returned,UPI,East
1213,53,20-04-24,Home,56.16,8,25,9,3,Not Returned,Debit Card,Central
1409,28,22-10-24,Home,119.31,9,15,16,4,Not Returned,Credit Card,West
1455,24,23-03-23,Clothing,85.59,7,20,1,3,Not Returned,Credit Card,West
1393,61,29-09-23,Sports,46.47,4,0,21,1,Not Returned,UPI,Central
1290,62,07-03-24,Electronics,21.54,5,0,8,3,Not Returned,Credit Card,East
1175,46,15-04-24,Sports,21.56,1,15,22,2,Not Returned,UPI,West
1190,58,26-06-23,Clothing,53.34,2,15,15,3,Not Returned,Credit Card,South
1267,20,23-05-24,Books,56.24,4,20,22,1,Not Returned,UPI,North
1160,33,15-06-24,Home,206.21,5,15,8,2,Not Returned,PayPal,South
1191,29,09-03-23,Clothing,123.35,5,0,3,1,Not Returned,PayPal,Central
1228,41,14-10-23,Home,29.3,6,15,8,3,Not Returned,PayPal,West
1177,67,19-05-24,Clothing,51.05,8,20,3,1,Not Returned,UPI,East
1219,32,19-04-24,Clothing,34.93,9,25,23,,Not Returned,UPI,East
1108,31,05-07-24,Clothing,95.67,3,0,20,3,Not Returned,Debit Card,East
1045,51,08-07-23,Sports,312.58,6,10,13,2,Not Returned,PayPal,Central
1273,64,24-09-24,Clothing,80.98,5,10,17,5,Not Returned,UPI,West
1158,40,09-07-24,Books,122.7,8,25,17,4,Not Returned,PayPal,Central
1484,,03-04-24,Electronics,96.17,3,25,25,3,Not Returned,Debit Card,West
1044,50,25-10-24,Clothing,35.98,2,5,2,4,Not Returned,UPI,West
1326,23,22-06-24,Books,33.56,7,0,,,Not Returned,UPI,West
1212,43,20-05-24,Electronics,49.47,1,20,28,2,Not Returned,Debit Card,South
1131,72,01-11-23,Books,31.17,2,15,15,3,Not Returned,PayPal,South
1189,22,22-01-24,Sports,84.6,7,20,25,3,Not Returned,UPI,Central
1118,35,17-05-23,Clothing,61.01,8,15,16,3,Returned,PayPal,North
1496,25,15-09-23,Clothing,65.89,8,5,4,5,Not Returned,PayPal,East
1312,68,27-02-23,Home,102.47,2,5,14,1,Not Returned,UPI,North
1361,30,11-10-23,Electronics,34.84,4,5,24,3,Not Returned,UPI,Central
1448,57,03-07-24,Books,58.07,5,15,12,4,Returned,Credit Card,Central
1364,50,03-02-24,Sports,101.23,7,15,5,2,Not Returned,PayPal,North
1113,55,09-11-24,Home,235.86,5,10,6,,Not Returned,UPI,West
1242,62,27-11-24,Home,112.95,8,0,,4,Not Returned,Debit Card,West
1034,64,23-11-24,Sports,89.25,9,0,13,4,Returned,UPI,East
1054,34,15-10-24,Sports,73.14,2,5,92,1,Not Returned,UPI,West
1398,28,10-11-23,Books,95.83,2,10,5,3,Not Returned,Credit Card,Central
1287,43,06-12-23,Electronics,68.1,3,10,10,4,Not Returned,Debit Card,South
1161,48,26-09-23,Clothing,40.54,4,0,19,3,Not Returned,UPI,North
1104,40,07-01-24,Home,65.82,2,10,28,3,Not Returned,Credit Card,North
1493,73,22-07-23,Clothing,38.23,3,25,29,2,Not Returned,PayPal,West
1162,28,06-04-24,Clothing,30.05,5,0,6,5,Not Returned,UPI,West
1178,68,10-10-23,Home,121.35,9,25,22,3,Not Returned,PayPal,North
1293,74,23-08-24,Books,76.43,7,20,20,5,Not Returned,UPI,East
1039,42,14-05-24,Electronics,39.55,2,20,,2,Returned,UPI,North
1334,19,26-03-23,Sports,43.88,1,10,8,2,Returned,PayPal,West
1179,36,14-11-24,Electronics,84.95,9,0,10,2,Not Returned,UPI,Central
1453,,06-11-23,Home,74.21,2,20,22,4,Returned,PayPal,North
1008,45,24-09-24,Sports,69.96,6,15,5,3,Not Returned,UPI,Central
1488,64,25-07-23,Home,35.27,7,20,17,2,Not Returned,Credit Card,West
1278,57,19-04-24,Clothing,75.83,6,25,19,4,In Process,UPI,North
1046,58,28-04-24,Electronics,47.77,2,10,19,4,Not Returned,Credit Card,South
1221,,25-04-24,Electronics,39.67,5,10,2,2,Returned,Credit Card,West
1187,23,19-08-24,Electronics,63.22,9,25,3,4,Not Returned,PayPal,Central
1314,57,03-12-24,Home,99.93,3,20,18,3,Not Returned,Debit Card,Central
1137,21,14-01-24,Sports,157.61,2,10,17,3,Not Returned,Debit Card,West
1279,66,27-05-24,Sports,49.33,8,0,21,5,Not Returned,Credit Card,West
1133,68,29-03-23,Books,25.52,2,15,11,3,Not Returned,Debit Card,South
1070,31,21-12-24,Home,72.73,8,15,17,4,Not Returned,PayPal,South
1092,67,04-06-24,Sports,31.19,6,15,,2,Not Returned,Debit Card,East
1401,29,17-03-23,Clothing,47.56,6,20,5,4,Not Returned,UPI,East
1121,44,12-08-24,Clothing,56.46,4,15,86,4,Not Returned,Credit Card,East
1184,59,02-10-24,Clothing,239.7,4,10,2,1,Not Returned,Credit Card,South
1417,22,03-08-23,Electronics,44.79,8,25,9,1,Not Returned,Credit Card,Central
1244,55,28-09-23,Books,64.02,6,15,23,4,Not Returned,PayPal,Central
1346,21,25-03-24,Clothing,103.83,1,15,19,5,Not Returned,Credit Card,West
1377,37,08-09-24,Electronics,25.65,8,10,15,1,In Process,Debit Card,West
1390,48,11-08-24,Books,32.94,9,10,15,4,Returned,Debit Card,East
1144,41,08-08-23,Books,592.12,8,10,19,4,Not Returned,Credit Card,Central
1210,65,28-04-23,Books,34.2,5,5,8,,Not Returned,Debit Card,West
1318,48,07-05-23,Home,59.32,8,10,9,4,Not Returned,Credit Card,South
1249,72,04-12-24,Home,22.94,5,10,6,4,Not Returned,Debit Card,East
1182,,24-03-23,Electronics,41.23,3,0,16,1,Not Returned,Debit Card,Central
1230,62,05-04-24,Home,40.55,6,10,14,3,Not Returned,PayPal,West
1226,40,28-06-23,Clothing,33.46,7,20,11,5,Not Returned,Credit Card,East
1163,71,07-04-24,Home,97.96,8,25,3,2,Not Returned,Debit Card,East
1116,67,28-09-24,Books,68.14,4,0,19,3,Not Returned,Debit Card,North
1236,20,11-06-24,Books,29.14,3,20,29,4,Not Returned,Credit Card,West
1122,68,16-10-24,Sports,24.6,6,5,6,3,Not Returned,Credit Card,Central
1006,37,24-04-23,Home,67.98,3,15,26,,Not Returned,PayPal,East
1447,57,20-12-24,Electronics,72.62,5,25,6,2,Returned,Debit Card,East
1487,,03-02-23,Sports,38.06,4,10,6,4,Not Returned,Debit Card,East
1429,56,14-09-23,Electronics,25.5,9,20,22,5,Not Returned,UPI,West
1096,61,27-12-23,Books,35.67,8,5,13,5,Not Returned,Credit Card,North
1176,49,08-05-23,Electronics,34.9,8,15,11,4,Returned,Credit Card,Central
1073,18,05-01-23,Home,52.05,7,5,18,3,Not Returned,Credit Card,Central
1079,66,19-09-23,Electronics,113.15,2,25,19,1,Not Returned,PayPal,South
1332,68,07-07-24,Sports,68.31,6,10,24,3,Not Returned,Debit Card,North
1300,72,04-03-23,Home,392.09,7,0,21,3,Not Returned,Credit Card,North
1478,39,09-02-24,Home,56.8,9,0,22,3,In Process,UPI,South
1100,74,20-03-23,Books,20.58,5,25,21,3,Returned,Credit Card,North
1105,32,24-10-24,Clothing,671.2,5,25,5,4,Not Returned,UPI,West
1349,50,01-10-23,Books,20.92,1,20,2,1,Returned,PayPal,West
1181,22,06-09-23,Home,47.71,2,15,,1,Not Returned,Credit Card,West
1038,43,13-03-23,Books,21.12,5,25,21,5,Returned,Debit Card,Central
1166,,01-09-24,Books,60.52,3,25,13,3,Not Returned,UPI,West
1376,19,21-08-23,Books,719.02,4,5,10,5,Not Returned,Credit Card,East
1019,42,12-11-23,Clothing,154.43,4,0,,4,Not Returned,Debit Card,South
1208,47,29-04-24,Books,116.34,4,15,13,,Not Returned,PayPal,West
1466,56,01-10-23,Books,90.56,4,10,10,5,Not Returned,PayPal,Central
1016,68,14-05-23,Clothing,184.83,2,25,18,1,Not Returned,Credit Card,West
1020,19,01-08-23,Books,25.41,2,20,29,1,Returned,PayPal,West
1461,64,27-03-23,Books,78.56,3,5,13,4,Not Returned,Credit Card,South
1254,74,20-08-23,Home,50.09,3,20,13,3,Not Returned,Debit Card,Central
1123,51,21-08-23,Electronics,41.59,5,0,23,5,Not Returned,UPI,Central
1064,54,18-09-23,Clothing,226.69,3,15,15,3,Not Returned,PayPal,South
1369,22,23-05-23,Books,35.92,8,20,29,3,Not Returned,PayPal,East
1381,34,28-03-23,Sports,53.04,8,0,,3,Not Returned,UPI,West
1481,22,04-04-24,Books,90.38,8,20,14,1,Not Returned,Credit Card,West
1136,46,24-08-23,Electronics,21.6,7,0,18,1,Not Returned,UPI,East
1437,32,23-02-23,Home,39.53,9,5,13,5,Not Returned,UPI,East
1155,68,20-12-24,Clothing,23.11,3,10,13,2,Not Returned,UPI,East
1416,54,24-11-23,Clothing,33.19,5,20,,3,Not Returned,Credit Card,East
1238,40,18-01-23,Home,21.87,8,15,27,5,Returned,PayPal,Central
1446,70,22-11-24,Electronics,126.05,1,0,28,2,Not Returned,PayPal,East
1204,74,17-10-24,Books,29.9,8,25,5,1,Not Returned,Credit Card,Central
1298,23,07-06-23,Electronics,25.64,4,20,14,1,Not Returned,Debit Card,North
1337,25,16-09-24,Books,52.62,4,25,5,1,Returned,UPI,North
1289,73,29-07-23,Electronics,62.27,6,5,4,,Not Returned,PayPal,South
1091,20,29-03-23,Sports,48.13,5,10,27,3,Returned,Debit Card,East
1052,23,19-07-24,Electronics,24.3,2,0,21,3,Not Returned,Credit Card,Central
1392,22,29-10-23,Electronics,67.21,8,0,9,3,Not Returned,PayPal,North
1382,26,23-05-24,Home,101.99,6,5,13,3,Not Returned,PayPal,North
1086,56,26-08-23,Electronics,99.61,5,15,,4,Not Returned,Debit Card,South
1119,47,13-10-24,Clothing,20.49,3,0,12,2,Not Returned,Credit Card,North
1037,38,11-08-23,Home,21.24,8,20,22,1,Not Returned,PayPal,Central
1167,57,23-08-23,Books,83.51,7,0,15,5,Not Returned,Credit Card,Central
1492,69,28-03-24,Books,60.35,5,25,24,3,Not Returned,Debit Card,North
1480,27,17-01-24,Electronics,24.67,3,0,4,2,Not Returned,PayPal,East
1067,36,13-04-23,Clothing,33.07,4,25,4,3,Not Returned,UPI,East
1422,42,30-07-24,Clothing,79.4,5,15,4,3,Not Returned,Credit Card,North
1327,71,09-02-24,Clothing,43.36,1,20,18,3,Not Returned,Credit Card,North
1047,52,16-08-23,Electronics,50.02,7,20,26,2,Not Returned,Debit Card,Central
1099,47,19-01-23,Home,50.37,1,0,22,5,Not Returned,UPI,North
1371,27,15-03-23,Sports,26.5,4,15,28,3,Not Returned,Credit Card,East
1469,46,13-06-23,Home,99.35,8,10,15,1,Not Returned,Debit Card,West
1299,23,30-03-24,Sports,73.62,1,15,20,3,Not Returned,Credit Card,South
1156,64,26-06-23,Clothing,34.19,8,10,89,4,Not Returned,Debit Card,South
1464,69,01-03-24,Clothing,25.08,5,15,22,3,Not Returned,Credit Card,South
1389,47,01-07-24,Home,127.8,6,5,4,4,Not Returned,PayPal,West
1310,72,17-07-23,Books,39.8,8,15,12,3,Not Returned,Debit Card,North
1363,,01-12-23,Electronics,38.36,4,5,19,3,Not Returned,Credit Card,North
1378,18,17-01-23,Electronics,61.89,9,0,23,5,Returned,Credit Card,North
1479,19,08-12-24,Home,68.85,8,15,17,3,Not Returned,Debit Card,East
1229,19,13-10-24,Electronics,56.67,9,20,3,5,Returned,Debit Card,North
1031,18,19-03-24,Books,122.61,3,15,5,1,Not Returned,UPI,East
1109,19,17-06-23,Clothing,22.02,1,15,9,5,Not Returned,PayPal,South
1085,25,16-08-23,Books,67.94,7,20,5,4,Not Returned,PayPal,South
1473,54,01-02-23,Books,28.27,4,20,13,4,Not Returned,Debit Card,East
1153,65,16-04-23,Books,85.76,7,20,8,1,Not Returned,PayPal,East
1347,36,08-04-24,Home,83.31,6,20,9,,Not Returned,Debit Card,Central
1270,35,03-08-23,Electronics,27.52,1,15,21,4,Not Returned,UPI,West
1368,27,22-10-24,Home,82.97,1,5,26,4,Not Returned,UPI,South
1224,43,26-09-23,Sports,195.03,8,5,4,5,Not Returned,PayPal,West
1023,47,02-08-23,Electronics,793.9,9,20,15,5,Not Returned,UPI,Central
1201,43,13-04-24,Electronics,27.05,7,0,1,3,Not Returned,Credit Card,Central
1357,55,20-01-23,Books,156.24,4,25,19,4,Not Returned,Credit Card,West
1140,34,10-12-24,Home,81.73,8,5,14,2,Not Returned,Debit Card,East
1170,42,07-03-24,Books,204.03,5,10,23,5,Not Returned,Credit Card,South
1276,64,02-01-24,Sports,195.18,3,25,13,5,Not Returned,Debit Card,East
1033,49,17-02-23,Electronics,193.49,6,25,17,3,Not Returned,Credit Card,West
1494,32,18-05-23,Electronics,45.29,8,10,11,1,Returned,Debit Card,South
1223,31,10-03-23,Books,27.01,8,25,14,1,Returned,PayPal,West
1143,,29-12-23,Books,100.91,7,25,,2,Not Returned,PayPal,Central
1411,54,22-08-23,Books,25.03,5,10,14,1,Not Returned,Credit Card,North
1444,19,28-09-23,Sports,33.31,6,5,18,1,Not Returned,Credit Card,West
1284,54,10-03-23,Home,164.67,4,25,17,4,Not Returned,UPI,West
1114,51,12-08-24,Sports,27.69,4,15,17,1,Not Returned,UPI,North
1489,53,24-11-24,Sports,42.33,9,15,12,5,Returned,UPI,East
1003,26,18-06-24,Clothing,55.41,1,5,21,4,Not Returned,UPI,Central
1141,27,03-12-24,Sports,122.39,1,10,27,2,Not Returned,Debit Card,East
1130,47,08-01-24,Home,100.62,1,25,23,4,Not Returned,Debit Card,South
1145,,27-07-23,Clothing,104.32,3,10,15,1,Returned,Debit Card,Central
1428,25,10-10-24,Books,26.87,4,10,11,3,Returned,UPI,Central
1152,60,24-06-23,Sports,57.37,9,15,9,,Not Returned,UPI,East
1345,71,18-10-23,Clothing,92.38,3,20,11,4,Not Returned,Debit Card,Central
1292,54,28-01-23,Home,78.48,8,20,20,1,Not Returned,UPI,Central
1375,57,21-02-23,Electronics,57.24,9,15,23,3,Returned,Debit Card,Central
1439,,30-05-24,Books,41.92,6,10,9,1,Not Returned,Credit Card,West
1005,70,24-04-23,Home,36.92,2,15,,4,Not Returned,UPI,Central
1354,18,29-04-23,Books,33.95,3,0,,3,Not Returned,Credit Card,South
1233,73,26-02-24,Home,34.3,5,20,13,3,Not Returned,PayPal,South
1457,25,09-01-23,Books,23.1,8,0,21,2,Not Returned,Credit Card,Central
1232,31,02-01-24,Sports,48.18,2,0,13,2,Not Returned,PayPal,West
1090,71,11-12-23,Electronics,77.85,2,20,19,2,Not Returned,PayPal,West
1240,60,10-05-23,Electronics,74.5,5,0,16,4,Not Returned,Debit Card,West
1062,54,18-07-23,Clothing,45.34,5,20,3,1,Not Returned,PayPal,West
1362,60,14-04-24,Clothing,36.76,6,5,12,4,Not Returned,Debit Card,West
1231,43,03-08-24,Books,108.27,2,15,28,4,Not Returned,UPI,North
1055,22,12-03-24,Electronics,35.96,2,5,7,1,Not Returned,PayPal,Central
1128,41,20-09-24,Electronics,61.91,9,20,1,,Not Returned,Debit Card,Central
1007,30,12-02-23,Sports,218.66,8,25,29,4,Not Returned,PayPal,West
1396,70,10-11-24,Sports,41.8,5,15,19,2,Not Returned,Debit Card,West
1103,64,18-08-23,Books,52.69,5,15,,5,Not Returned,Credit Card,East
1192,43,16-10-24,Books,135.48,4,25,19,3,Not Returned,UPI,West
1093,29,09-07-24,Books,53.82,6,5,2,5,Not Returned,Credit Card,South
1058,55,24-05-23,Electronics,48.31,7,20,1,4,Not Returned,Credit Card,East
1225,45,13-07-23,Clothing,524.38,7,20,6,4,Not Returned,UPI,North
1440,34,01-03-23,Electronics,23.6,1,15,24,2,Returned,Debit Card,West
1331,,17-09-23,Clothing,75.16,9,20,23,2,Not Returned,PayPal,South
1477,21,23-02-23,Electronics,112.27,2,25,2,2,Not Returned,UPI,East
1022,73,12-04-23,Electronics,78.22,2,10,27,3,Not Returned,Credit Card,North
1135,22,19-11-24,Home,81.29,5,0,19,2,Not Returned,Credit Card,North
1080,57,26-03-23,Books,91.57,5,10,5,2,Not Returned,Debit Card,Central
1308,72,24-08-23,Books,125.4,4,10,8,2,Not Returned,Debit Card,West
1196,31,12-09-23,Home,141.73,5,0,17,5,Returned,PayPal,Central
1343,23,07-05-23,Clothing,58.14,4,20,25,5,Not Returned,UPI,North
1235,24,23-05-23,Books,81.34,2,0,,,Not Returned,PayPal,Central
1358,54,03-03-24,Sports,41.66,1,20,17,2,Not Returned,Debit Card,West
1415,38,06-04-24,Sports,59.56,7,20,28,5,In Process,Debit Card,East
1180,38,11-04-23,Clothing,87.88,2,10,10,3,In Process,Credit Card,North
1333,74,11-01-23,Electronics,880.02,1,25,18,1,Not Returned,PayPal,South
1291,23,23-01-23,Sports,153.65,6,0,22,4,Returned,PayPal,East
1004,50,13-03-24,Home,20.32,6,5,10,1,Returned,Debit Card,North
1268,58,27-05-24,Home,53.55,6,10,29,1,Not Returned,PayPal,East
1286,69,27-01-23,Books,54.38,6,10,23,3,Not Returned,UPI,East
1253,56,13-09-24,Electronics,26.51,5,25,26,2,Not Returned,UPI,Central
